quarter,battery,solar
2019-Q2,1079.8769230769228,
2020-Q2,,78.83333333333334
2020-Q3,,5.174333333333334
2020-Q4,168.73076923076923,
2021-Q1,,0.344
2021-Q2,2337.5,3.0
2021-Q3,,43.0
2021-Q4,,7.166666666666667
2022-Q2,,0.344
2022-Q3,29.75,
2022-Q4,521.9999999999999,
2023-Q1,2699.6923076923076,
2023-Q2,,600.0
2023-Q3,28.9,
2023-Q4,3374.6153846153848,
