country,battery,solar
Slovenia,,0.000315
Croatia,,0.0003675
Estonia,,0.01
Switzerland,0.019771866,3.675e-05
Austria,,0.021
Greece,,0.0401
Netherlands,,0.206825
Romania,1.4,0.3795
Slovakia,2.10098,0.01575
Portugal,3.047,
Poland,5.06955,0.0315
Finland,14.816825,0.0084
Italy,15.1681396,1.428175
Spain,15.1618,1.744095
France,16.71756,0.6490305
Norway,18.995,0.6916633333333334
Hungary,22.87025,0.019
United Kingdom,29.8850772,0.002625
Sweden,36.5045,0.179
Germany,65.133434,7.1209029453333335
