country,battery,solar
SVN,,0.000315
HRV,,0.0003675
EST,,0.01
CHE,0.019771866,3.675e-05
AUT,,0.021
GRC,,0.0401
NLD,,0.206825
ROU,1.4,0.3795
SVK,2.10098,0.01575
PRT,3.047,
POL,5.06955,0.0315
FIN,14.816825,0.0084
ITA,15.1681396,1.428175
ESP,15.1618,1.744095
FRA,16.71756,0.6490305
NOR,18.995,0.6916633333333334
HUN,22.87025,0.019
GBR,29.8850772,0.002625
SWE,36.5045,0.179
DEU,65.133434,7.1209029453333335
