quarter,battery,solar
2019-Q2,2716.8,10.5
2019-Q3,120.0,
2019-Q4,4238.0,21.0
2020-Q1,95.0,
2020-Q2,6492.034,103.5405
2020-Q3,3200.0,52.8
2020-Q4,48.0612,455.25
2021-Q1,7075.75,10.752
2021-Q2,12229.64,1580.25
2021-Q3,7837.625,55.5
2021-Q4,3141.0,9.135
2022-Q1,24027.3,759.75
2022-Q2,20414.604,460.752
2022-Q3,9987.75,4336.87
2022-Q4,3770.95,187.037
2023-Q1,20890.523866,100.0
2023-Q2,16752.8,4.220265
2023-Q3,10176.8,1191.480147
2023-Q4,8774.9996,381.3
